Dept Name,Name,OP Amt (Rs.),IP Amt (Rs.),Ins IP Amt (Rs.),ER Amt (Rs.),Ins ER Amt (Rs.)
Biochemistry,25 HYDROXY VITAMIN D,110.00,,,,
Biochemistry,ALBUMIN,0.00,,,,
Biochemistry,ALT (SGPT),150.00,,,,
Biochemistry,AMYLASE,0.00,,,,
Biochemistry,ANTI CARDIOLIPIN IgG,0.00,,,,
Biochemistry,ANTI CARDIOLIPIN IgM,0.00,,,,
Biochemistry,ANTI CCP,0.00,,,,
Biochemistry,ANTI MULLERIN HORMONE(AMH),0.00,,,,
Biochemistry,ANTI TPO,0.00,,,,
Biochemistry,ANTIBODY TO HEPATITIS C VIRUS(CLIA),0.00,,,,
Biochemistry,APLA PROFILE,700.00,,,,
Biochemistry,APOLIPOPROTEIN B (APO-B),0.00,,,,
Biochemistry,ASO,0.00,,,,
Biochemistry,AST (SGOT),150.00,,,,
Hematology,Absolute Eosinophil Count (AEC),0.00,,,,
Biochemistry,Activated Partial Thromboplastin Time (APTT/PTTK),0.00,,,,
Biochemistry,Albumin/Creatinine Ratio,"1,000.00",,,,
Biochemistry,Alkaline Phosphatase,0.00,,,,
Biochemistry,Anti Nuclear Antibody,0.00,,,,
Biochemistry,BETA 2 GLYCOPROTEIN ANTY BODY IgG,0.00,,,,
Biochemistry,BETA 2 GLYCOPROTEIN ANTY BODY IgM,0.00,,,,
Biochemistry,BETA HCG,0.00,,,,
Biochemistry,BILIRUBIN,250.00,,,,
Biochemistry,"BILIRUBIN,PAEDIATRIC",0.00,,,,
Hematology,BLEEDING TIME CLOTTING TIME,0.00,,,,
Hematology,BLOOD GROUP,0.00,,,,
Biochemistry,BLOOD GROUPING & RH TYPING,0.00,,,,
Biochemistry,BLOOD UREA,0.00,,,,
Biochemistry,BLOOD UREA SERUM CREATININE,0.00,,,,
Biochemistry,BT/CT,0.00,,,,
Packages / Profiles,Basic Health Package (CBC + Glucose + Lipid),900.00,,,,
Biochemistry,Blood Sugar Fasting,100.00,,,,
Immunology / Serology,C-Reactive Protein (CRP),400.00,,,,
Biochemistry,CA 125,"1,100.00",,,,
Biochemistry,CARCINO EMBRYONIC ANTIGEN (CEA),"8,500.00",,,,
Biochemistry,CHIKUNGUNYA IgM,0.00,,,,
Hematology,COMPLETE BLOOD PICTURE,450.00,,,,
Pathology,COMPLETE STOOL EXAMINATION,0.00,,,,
Pathology,COMPLETE URINE EXAMINATION,100.00,,,,
Biochemistry,CORTISOL,700.00,,,,
Biochemistry,CREATININE PHOSPHOKINASE (CPK),0.00,,,,
Biochemistry,CRP (C - REACTIVE PROTEIN),350.00,,,,
Biochemistry,CRP RF ASO,0.00,,,,
Hematology,Complete Blood Count (CBC),300.00,,,,
Packages / Profiles,Complete Thyroid Profile,800.00,,,,
Biochemistry,Creatine Kinase MB (CK-MB),0.00,,,,
Biochemistry,D-DIMER,0.00,,,,
Immunology / Serology,Dengue NS1 Antigen,600.00,,,,
Biochemistry,Dengue NSI,0.00,,,,
Biochemistry,Dengue Profile,0.00,,,,
Hematology,ESR,80.00,,,,
Biochemistry,ESTRADIOL(E2),0.00,,,,
Biochemistry,Erythrocyte sedimentation rate(Esr),100.00,,,,
Biochemistry,FASTING BLOOD SUGAR & POST LUNCH BLOOD SUGAR,0.00,,,,
Biochemistry,FBS (FASTING BLOOD SUGAR),0.00,,,,
Hematology,FIBRINOGEN,0.00,,,,
Hematology,FLUID CELL COUNT,0.00,,,,
Hematology,FOLIC ACID,0.00,,,,
Biochemistry,FREE T3,0.00,,,,
Biochemistry,FREE T3 T4,0.00,,,,
Biochemistry,FREE-T4 (THYROXINE),0.00,,,,
Biochemistry,FSH,0.00,,,,
Biochemistry,FSH LH PRL (FLP),0.00,,,,
Biochemistry,GLUCOSE CHALLANGE TEST (GCT),0.00,,,,
Biochemistry,GLUCOSE-FLUIDS,0.00,,,,
Biochemistry,Glomerular Filtration Rate (eGFR),0.00,,,,
Hematology,HAEMOGLOBIN,0.00,,,,
Hematology,HAEMOGRAM,0.00,,,,
Biochemistry,HBA1C,0.00,,,,
Microbiology,HBSAG,0.00,,,,
Biochemistry,HCG,0.00,,,,
Biochemistry,HCG PREGNANCY RAPID,0.00,,,,
Biochemistry,HEMOGLOBIN,0.00,,,,
Biochemistry,HEPATITIS B,0.00,,,,
Biochemistry,HEPATITIS C,0.00,,,,
Biochemistry,HEPATITIS C VIRUS RAPID,0.00,,,,
Pathology,HIV,0.00,,,,
Hematology,HLA-B27,0.00,,,,
Biochemistry,HOMA2-IR (Homeostatic Model Assessment 2 - Insulin Resistance),0.00,,,,
Biochemistry,HOMOCYSTEIN,0.00,,,,
Biochemistry,HS TROP I,0.00,,,,
Biochemistry,HSV 1 & 2 IgG,0.00,,,,
Biochemistry,HSV 1 & 2 IgM,0.00,,,,
Biochemistry,"HSV IgG,IgM",0.00,,,,
Hematology,Hemoglobin (Hb),100.00,,,,
Microbiology,Hemoglobinopathy (Hb Electrophoresis),0.00,,,,
Biochemistry,INSULIN POST PRANDIAL,0.00,,,,
Biochemistry,INSULIN-FASTING,0.00,,,,
Biochemistry,IRON,0.00,,,,
Biochemistry,IRON DEFICIENCY PROFILE,0.00,,,,
Biochemistry,Immunoglobulin (IgG),0.00,,,,
Biochemistry,Immunoglobulin A (IgA),0.00,,,,
Biochemistry,Immunoglobution (IgM),0.00,,,,
Biochemistry,Ionised Calcium,0.00,,,,
Biochemistry,KIDNEY FUNCTION TEST (KFT),0.00,,,,
Biochemistry,LDH,0.00,,,,
Biochemistry,LFT (LIVER FUNCTION TEST),0.00,,,,
Biochemistry,LIPASE,0.00,,,,
Biochemistry,LIPOPROTEIN A (LP-A),0.00,,,,
Biochemistry,LUPAS ANTICOAGULANT,0.00,,,,
Biochemistry,LUTENIZING HORMONE(LH),0.00,,,,
Biochemistry,Lipid Profile,550.00,,,,
Biochemistry,MAGNESIUM,0.00,,,,
Hematology,MALARIA,150.00,,,,
Biochemistry,MANTOUX,0.00,,,,
Biochemistry,MICROFILARIA ANITIGEN,0.00,,,,
Biochemistry,NT- pro BNP,0.00,,,,
Biochemistry,OGTT,0.00,,,,
Biochemistry,PARA THYROID HORMONE-PTH,0.00,,,,
Hematology,PERIPHERAL SMEAR,0.00,,,,
Biochemistry,PHOSPHOLIPID ANTIBODIES IgG,0.00,,,,
Biochemistry,PHOSPHOLIPID ANTIBODIES IgM,0.00,,,,
Biochemistry,PHOSPHORUS,0.00,,,,
Biochemistry,PLBS,0.00,,,,
Biochemistry,POTASSIUM,0.00,,,,
Biochemistry,PROCALCITONIN(PCT),0.00,,,,
Biochemistry,PROGESTERONE,0.00,,,,
Biochemistry,PROLACTIN,0.00,,,,
Biochemistry,PROTEINS-FLUID,0.00,,,,
Biochemistry,PSA-TOTAL,0.00,,,,
Hematology,PT/INR,0.00,,,,
Biochemistry,PT/INR & APTT,0.00,,,,
Hematology,Platelet count,0.00,,,,
Biochemistry,RA FACTOR,0.00,,,,
Biochemistry,RANDOM BLOOD SUGAR(RBS),0.00,,,,
Biochemistry,"RBS,BT,CT",0.00,,,,
Biochemistry,RENAL PROFILE 2 (RP2),0.00,,,,
Biochemistry,RENAL PROFILE-II,0.00,,,,
Hematology,RETICULOCYTE COUNT,0.00,,,,
Biochemistry,RFT(RENAL FUNCTION TEST),0.00,,,,
Biochemistry,RHEUMATOID FACTOR,0.00,,,,
Molecular Biology,RT-PCR COVID-19,700.00,,,,
Biochemistry,RUBELLA VIRUS IgG,0.00,,,,
Biochemistry,"SALMONELLA TYPE IgG, IgM",0.00,,,,
Microbiology,SALMONELLA TYPHI,0.00,,,,
Pathology,SEMEN ANALYSIS,0.00,,,,
Biochemistry,SERUM CALCIUM,0.00,,,,
Biochemistry,SERUM ELECTROLYTES,0.00,,,,
Biochemistry,SERUM FERRTIN,0.00,,,,
Biochemistry,SERUM PROTEINS,0.00,,,,
Biochemistry,SERUM SODIUM,0.00,,,,
Biochemistry,SERUM URIC ACID,0.00,,,,
Biochemistry,SGOT,0.00,,,,
Biochemistry,SGPT,0.00,,,,
Biochemistry,SODIUM POTASSIUM,0.00,,,,
Pathology,STOOL FOR OCCULT BLOOD,0.00,,,,
Biochemistry,Salmonella IgG,0.00,,,,
Biochemistry,Salmonella IgM,0.00,,,,
Biochemistry,Serum Creatinine,120.00,,,,
Hematology,TC/DC,0.00,,,,
Biochemistry,TESTOSTERONE TOTAL,0.00,,,,
Biochemistry,THYROID PROFILE,0.00,,,,
Biochemistry,THYROID PROFILE-II,0.00,,,,
Biochemistry,THYROID STIMULATING HARMONE (TSH),0.00,,,,
Biochemistry,TOTAL IGE,0.00,,,,
Biochemistry,TRIGLYCERIDES,0.00,,,,
Biochemistry,TROPONIN- I,0.00,,,,
Biochemistry,TSH,0.00,,,,
Hormones,TSH (Thyroid Stimulating Hormone),450.00,,,,
Biochemistry,Thyroid Function Test (TFT),0.00,,,,
Biochemistry,Tissue Transglutaminase Antibody - IgA,0.00,,,,
Biochemistry,Total Bilirubin,130.00,,,,
Biochemistry,Total Cholesterol,0.00,,,,
Biochemistry,Total Thyroxine [T4],0.00,,,,
Biochemistry,Total Triiodo Thyronine [T3],0.00,,,,
Biochemistry,Treponema Palladium Hemagglutination (TPHA),0.00,,,,
Biochemistry,UPT (URINE PRAGNANCY TEST),0.00,,,,
Biochemistry,UREA,0.00,,,,
Biochemistry,URINE ALBUMIN,0.00,,,,
Biochemistry,URINE FOR CULTURE & SENSITIVITY,0.00,,,,
Pathology,URINE FOR KETONE BODIES,0.00,,,,
Biochemistry,URINE MICROALBUMiN,0.00,,,,
Biochemistry,URINE PROTEIN/CREATININE RATIO,0.00,,,,
Microbiology,Urine Culture & Sensitivity,500.00,,,,
Pathology,Urine Routine Examination,120.00,,,,
Biochemistry,VITAMIN - D,0.00,,,,
Biochemistry,VITAMIN B12,0.00,,,,
Biochemistry,VITAMIN PROFILE,0.00,,,,
Biochemistry,Venereal Disease Research Laboratory(VDRL),0.00,,,,
Microbiology,WIDAL,200.00,,,,
Microbiology,Widal Test,250.00,,,,
Unassigned,ZZUI1790870411813,,,,,
Biochemistry,c-peptide,0.00,,,,