"S.No","Lab Dept","Lab Test","Parameter Name","Units","Reference Range","Order No","View","Edit","Del"
"1","BIO CHEMISTRY","25 HYDROXY VITAMIN D","25 (OH) VITAMIN-D TEST","","< 20 Deficient 20-30 Insufficient >30 Sufficient ","1","","",""
"2","BIO CHEMISTRY","25 HYDROXY VITAMIN D","Interpretation","","","2","","",""
"3","Hematology","Absolute Eosinophil Count (AEC)","Absolute Eosinophil Count","Cells/Cumm","40-440Cells/Cumm ","1","","",""
"4","BIO CHEMISTRY","Activated Partial Thromboplastin Time (APTT/PTTK)","Activated Partial Thromboplastin Time (APTT/PTTK)","","","1","","",""
"5","BIO CHEMISTRY","Activated Partial Thromboplastin Time (APTT/PTTK)","PATIENT VALUE","seconds","26.0 to 34.3","2","","",""
"6","BIO CHEMISTRY","Activated Partial Thromboplastin Time (APTT/PTTK)","CONTROL VALUE","seconds","seconds","3","","",""
"7","BIO CHEMISTRY","Activated Partial Thromboplastin Time (APTT/PTTK)","RATIO","","0.8 to 1.2","4","","",""
"8","BIO CHEMISTRY","ALBUMIN","Albumin","","","1","","",""
"9","BIOCHEMISTRY","Albumin/Creatinine Ratio","Albumin/Creatinine Ratio","","","1","","",""
"10","BIOCHEMISTRY","Albumin/Creatinine Ratio","Microalbumin","mg/L","< 20.0 ","2","","",""
"11","BIOCHEMISTRY","Albumin/Creatinine Ratio","Creatinine","mg/dL","28 - 217","3","","",""
"12","BIOCHEMISTRY","Albumin/Creatinine Ratio","Albumin/creatinine ratio","mg/g creat","< 30.0 : Normal 30-300 : High > 300 : Very High","4","","",""
"13","BIO CHEMISTRY","Alkaline Phosphatase","Alkaline Phosphatase","IU/L","40-120","1","","",""
"14","BIO CHEMISTRY","AMYLASE","SERUM AMYLASE","U/L","28 - 100 ","1","","",""
"15","BIOCHEMISTRY","ANTI CARDIOLIPIN IgG","CARDIOLIPIN IgG ANTIBODY","GPL U/ml","< 10: Negative > 10: Positive ","1","","",""
"16","BIOCHEMISTRY","ANTI CARDIOLIPIN IgM","CARDIOLIPIN IgM ANTIBODY","MPL U/ml","< 7 :Negative > 7 :Positive ","1","","",""
"17","BIO CHEMISTRY","ANTI CCP","ANTI CCP ANTIBODIES","U/mL","<35.0","1","","",""
"18","BIO CHEMISTRY","ANTI MULLERIN HORMONE(AMH)","ANTI MULLERIAN HORMONE(AMH)","","1.32-10.34","1","","",""
"19","BIO CHEMISTRY","Anti Nuclear Antibody","Antti Nuclear Antibody(ANA)","s/co","<0.9: Negative 0.91-1.10 Equivocal >1.1: Positive ","1","","",""
"20","BIO CHEMISTRY","ANTI TPO","Microsomal/Thryroperoxidase Antibody (AMA)(TPO)","IU/mL","< 34","1","","",""
"21","BIO CHEMISTRY","ANTIBODY TO HEPATITIS C VIRUS(CLIA)","Hepatitis C Virus","","","1","","",""
"22","BIO CHEMISTRY","APLA PROFILE","APA IgG IgM LA PA IgG IgM CL IgG IgM BG IgG IgM","","","1","","",""
"23","BIO CHEMISTRY","APLA PROFILE","PHOSPHOLIPID ANTIBODIES IgM","MPL U/mL","< 10 Normal > 10 Elevated","2","","",""
"24","BIO CHEMISTRY","APLA PROFILE","PHOSPHOLIPID ANTIBODIES IgG","GPL U/mL","< 10 Normal < 10 Elevated","3","","",""
"25","BIO CHEMISTRY","APLA PROFILE","LUPUS ANTICOAGULANT","","","4","","",""
"26","BIO CHEMISTRY","APLA PROFILE","LA Screen","Sec","28-45","5","","",""
"27","BIO CHEMISTRY","APLA PROFILE","LA Confirm","Sec","28 - 40","6","","",""
"28","BIO CHEMISTRY","APLA PROFILE","LA Screen/Confirm Ratio","Sec","< 1.3 : Normal 1.3 - 1.8 : Moderate LA 1.8 - 2.4 : High LA > 2.4 : Very High LA ","7","","",""
"29","BIO CHEMISTRY","APLA PROFILE","CARDIOLIPIN IgG ANTIBODY","GPL U/ml","< 10: Negative > 10: Positive ","8","","",""
"30","BIO CHEMISTRY","APLA PROFILE","CARDIOLIPIN IgM ANTIBODY","MPL U/ml","< 7 :Negative > 7 :Positive ","9","","",""
"31","BIO CHEMISTRY","APLA PROFILE","BETA GLYCOPROTEIN ANTI BODY IgG","SGU","< 20 Negative > 20 Positive","10","","",""
"32","BIO CHEMISTRY","APLA PROFILE","BETA GLYCOPROTEIN ANTI BODY IgM","SGU","< 20 Negative > 20 Positive","11","","",""
"33","BIOCHEMISTRY","APOLIPOPROTEIN B (APO-B)","Apolipoprotein b","g/L","0.66 ? 1.44","1","","",""
"34","BIO CHEMISTRY","ASO","ASO (Titres (Anti Streptolysin O)","IU/mL","<200 IU/mL","1","","",""
"35","BIOCHEMISTRY","BETA 2 GLYCOPROTEIN ANTY BODY IgG","BETA 2 GLYCOPROTEIN ANTY BODY IgG","SGU","< 20 Negative > 20 Positive ","1","","",""
"36","BIOCHEMISTRY","BETA 2 GLYCOPROTEIN ANTY BODY IgM","BETA 2 GLYCOPROTEIN ANTY BODY IgM","SGU","< 20 Negative > 20 Positive ","1","","",""
"37","BIOCHEMISTRY","BETA HCG","Beta HCG","mIU/mL","Non pregnant woman <0.5-3.0 1-10 weeks:50-221796 11-15weeks:15205-227034 16-24weeks:5002-75445 25-40weeks:1501-69208","1","","",""
"38","BIO CHEMISTRY","BILIRUBIN","TOTAL BILIRUBIN","mg/dL","0.2-1.0 mg/dL ","1","","",""
"39","BIO CHEMISTRY","BILIRUBIN","DIRECT BILIRUBIN","mg/dl","0-0.2 mg/dL ","2","","",""
"40","BIO CHEMISTRY","BILIRUBIN","INDIRECT BILIRUBIN","mg/dL","","3","","",""
"41","BIO CHEMISTRY","BILIRUBIN,PAEDIATRIC","TOTAL BILIRUBIN","mg/dl","Birth : Upto 3.5 1st Day : Upto 5.0 2nd Day : Upto 9.0 3rd - 5th Day : Upto 13.0","1","","",""
"42","BIO CHEMISTRY","BILIRUBIN,PAEDIATRIC","DIRECT BILIRUBIN","mg/dl","0-0.2 mg/dl ","2","","",""
"43","BIO CHEMISTRY","BILIRUBIN,PAEDIATRIC","INDIRECT BILIRUBIN","mg/dl","","3","","",""
"44","Hematology","BLEEDING TIME CLOTTING TIME","BLEEDING TIME","Minutes","1 - 3 Minutes","1","","",""
"45","Hematology","BLEEDING TIME CLOTTING TIME","CLOTTING TIME","Minutes","3 - 7 Minutes","2","","",""
"46","Hematology","BLOOD GROUP","Blood Group","","","1","","",""
"47","Hematology","BLOOD GROUP","Rh Type","","","2","","",""
"48","Hematology","BLOOD GROUP","NOTE:-","","","3","","",""
"49","BIOCHEMISTRY","BLOOD GROUPING & RH TYPING","BLOOD GROUPING","","","1","","",""
"50","BIOCHEMISTRY","BLOOD GROUPING & RH TYPING","Rh Typing","","","2","","",""
"51","BIOCHEMISTRY","BLOOD GROUPING & RH TYPING","NOTE:-","","","3","","",""
"52","BIOCHEMISTRY","BLOOD UREA","Blood Urea?","mg/dl","15-45","1","","",""
"53","BIOCHEMISTRY","BLOOD UREA SERUM CREATININE","BLOOD UREA","mg/dL","15-45","1","","",""
"54","BIOCHEMISTRY","BLOOD UREA SERUM CREATININE","SERUM CREATININE","mg/dL","Male :0.9-1.5mg/dL Female :0.8-1.3mg/dL Child :0-0mg/dL ","2","","",""
"55","BIOCHEMISTRY","BT/CT","BLEEDING TIME","minutes","1-6minutes ","1","","",""
"56","BIOCHEMISTRY","BT/CT","CLOTTING TIME","minutes","4-6minutes ","2","","",""
"57","BIOCHEMISTRY","c-peptide","C-PEPTIDE","ng/mL","1.1-4.1 ","1","","",""
"58","BIO CHEMISTRY","CA 125","Cancer Antigen 125","U/mL","Female :0-35U/mL Child :0-0U/mL ","1","","",""
"59","BIO CHEMISTRY","CARCINO EMBRYONIC ANTIGEN (CEA)","CARCINO EMBRYONIC ANTIGEN (CEA)","","Male :0-5.2 Female :0-3.3 Child :0-0 ","1","","",""
"60","BIOCHEMISTRY","CHIKUNGUNYA IgM","Chikungunya-IgM","","<1.0 Negative >1.0 Positive ","1","","",""
"61","Hematology","COMPLETE BLOOD PICTURE","Haemoglobin","Grams %","Male :13-17Grams % Female :12-15Grams % Child :11.0-15.5Grams % ","1","","",""
"62","Hematology","COMPLETE BLOOD PICTURE","Red Cell Count","mill/cumm","Males : 4.5 - 5.5 mill/cumm Females: 3.8 - 4.8 mill/cumm","2","","",""
"63","Hematology","COMPLETE BLOOD PICTURE","Hematocrit ( PCV )","Vol %","Male : 40-50 Vol % Females : 36-46 Vol % ","3","","",""
"64","Hematology","COMPLETE BLOOD PICTURE","Total Leucocyte (WBC) count","cells/cumm","4000-10000 cells/cumm ","9","","",""
"65","Hematology","COMPLETE BLOOD PICTURE","Platelet Count","Lakhs/cumm","1.50 - 4.5 Lakhs/cumm","8","","",""
"66","Hematology","COMPLETE BLOOD PICTURE","DIFFERENTIAL COUNT","","","11","","",""
"67","Hematology","COMPLETE BLOOD PICTURE","Neutrophils","%","40-75% ","12","","",""
"68","Hematology","COMPLETE BLOOD PICTURE","Lymphocytes","%","20-40% ","13","","",""
"69","Hematology","COMPLETE BLOOD PICTURE","Eosinophils","%","1-6% ","14","","",""
"70","Hematology","COMPLETE BLOOD PICTURE","Monocytes","%","2-10% ","15","","",""
"71","Hematology","COMPLETE BLOOD PICTURE","Basophils","%","0-1% ","16","","",""
"72","Hematology","COMPLETE BLOOD PICTURE","PERIPHERAL SMEAR","","","17","","",""
"73","Hematology","COMPLETE BLOOD PICTURE","R B C","","","18","","",""
"74","Hematology","COMPLETE BLOOD PICTURE","W B C","","","19","","",""
"75","Hematology","COMPLETE BLOOD PICTURE","PLATELETS?","","  ","20","","",""
"76","Hematology","COMPLETE BLOOD PICTURE","Total WBC count","cells/cumm","4000-11000cells/cumm ","3","","",""
"77","Hematology","COMPLETE BLOOD PICTURE","ESR 1st Hour","mm","00 - 10 mm ","16","","",""
"78","Hematology","COMPLETE BLOOD PICTURE","ABSOLUTE EOSINOPHIL COUNT (AEC)","Cells/cumm","40 - 440 Cells/cumm ","17","","",""
"79","Hematology","COMPLETE BLOOD PICTURE","Mean Corpuscular Volume(MCV)","fl","83-101fl ","4","","",""
"80","Hematology","COMPLETE BLOOD PICTURE","Mean Corpuscular Hemoglobin(MCH)","pg","27-32pg ","5","","",""
"81","Hematology","COMPLETE BLOOD PICTURE","Mean Corpuscular Hemoglobin Concentration(MCHC)","gm/dL","31.5-34.5gm/dL ","6","","",""
"82","Hematology","COMPLETE BLOOD PICTURE","Red Cell Distribution Width(RDW-CV)","%","11.6-14% ","7","","",""
"83","Hematology","COMPLETE BLOOD PICTURE","ADVISE","","","21","","",""
"84","Hematology","COMPLETE BLOOD PICTURE","IMPRESSION","","","22","","",""
"85","Hematology","COMPLETE BLOOD PICTURE","ERYTHROCYTE SEDIMENAION RATE","","0-20 ","23","","",""
"86","PATHOLOGY","COMPLETE STOOL EXAMINATION","MACROSCOPIC","","","1","","",""
"87","PATHOLOGY","COMPLETE STOOL EXAMINATION","COLOUR","","","2","","",""
"88","PATHOLOGY","COMPLETE STOOL EXAMINATION","APPEARANCE","","","3","","",""
"89","PATHOLOGY","COMPLETE STOOL EXAMINATION","MUCUS","","","4","","",""
"90","PATHOLOGY","COMPLETE STOOL EXAMINATION","BLOOD","","","5","","",""
"91","PATHOLOGY","COMPLETE STOOL EXAMINATION","CHEMICAL EXAMINATION","","","6","","",""
"92","PATHOLOGY","COMPLETE STOOL EXAMINATION","REACTION","","","7","","",""
"93","PATHOLOGY","COMPLETE STOOL EXAMINATION","STOOL OF REDUCING SUBSTANCE","","","8","","",""
"94","PATHOLOGY","COMPLETE STOOL EXAMINATION","OCCULT BLOOD","","","9","","",""
"95","PATHOLOGY","COMPLETE STOOL EXAMINATION","MICROSCOPIC","","","10","","",""
"96","PATHOLOGY","COMPLETE STOOL EXAMINATION","OVA","","","11","","",""
"97","PATHOLOGY","COMPLETE STOOL EXAMINATION","CYSTS","","","12","","",""
"98","PATHOLOGY","COMPLETE STOOL EXAMINATION","PUS CELLS","","","13","","",""
"99","PATHOLOGY","COMPLETE STOOL EXAMINATION","RED BLOOD CELLS","","","14","","",""
"100","PATHOLOGY","COMPLETE STOOL EXAMINATION","EPITHEIAL CELLS","","","15","","",""
"101","PATHOLOGY","COMPLETE STOOL EXAMINATION","OTHERS","","","16","","",""
"102","PATHOLOGY","COMPLETE URINE EXAMINATION","PHYSICAL EXAMINATION","","","1","","",""
"103","PATHOLOGY","COMPLETE URINE EXAMINATION","Colour","","Colorless","2","","",""
"104","PATHOLOGY","COMPLETE URINE EXAMINATION","Appearance","","","3","","",""
"105","PATHOLOGY","COMPLETE URINE EXAMINATION","Reaction","","","4","","",""
"106","PATHOLOGY","COMPLETE URINE EXAMINATION","Specific Gravity","","1.015 - 1.030","5","","",""
"107","PATHOLOGY","COMPLETE URINE EXAMINATION","PH","","4.6-8.0","6","","",""
"108","PATHOLOGY","COMPLETE URINE EXAMINATION","CHEMICAL EXAMINATION","","","7","","",""
"109","PATHOLOGY","COMPLETE URINE EXAMINATION","Urine Protein","","NIL","8","","",""
"110","PATHOLOGY","COMPLETE URINE EXAMINATION","Urine Glucose","","Nil ","9","","",""
"111","PATHOLOGY","COMPLETE URINE EXAMINATION","Urine Ketones","","Negative","10","","",""
"112","PATHOLOGY","COMPLETE URINE EXAMINATION","Bilirubin","","Negative","11","","",""
"113","PATHOLOGY","COMPLETE URINE EXAMINATION","Blood","","","12","","",""
"114","PATHOLOGY","COMPLETE URINE EXAMINATION","Nitrite","","","13","","",""
"115","PATHOLOGY","COMPLETE URINE EXAMINATION","MICROSCOPIC EXAMINATION","","","14","","",""
"116","PATHOLOGY","COMPLETE URINE EXAMINATION","Pus cells","hpf","1 - 2 /hpf","15","","",""
"117","PATHOLOGY","COMPLETE URINE EXAMINATION","Epithelial cells","hpf","1 - 2 /hpf","16","","",""
"118","PATHOLOGY","COMPLETE URINE EXAMINATION","Red blood cells","hpf","","17","","",""
"119","PATHOLOGY","COMPLETE URINE EXAMINATION","Crystals","","","18","","",""
"120","PATHOLOGY","COMPLETE URINE EXAMINATION","Casts","","","19","","",""
"121","PATHOLOGY","COMPLETE URINE EXAMINATION","Others","","","20","","",""
"122","BIO CHEMISTRY","CORTISOL","CORTISOL SERUM","ug/dL","4.8-19.9 ","1","","",""
"123","BIO CHEMISTRY","Creatine Kinase MB (CK-MB)","Creatine Kinase MB (CK-MB)","","","119","","",""
"124","BIO CHEMISTRY","CREATININE PHOSPHOKINASE (CPK)","CREATININE PHOSPHOKINASE (CPK)","U/L","< 190 ","1","","",""
"125","BIOCHEMISTRY","CRP (C - REACTIVE PROTEIN)","C- REACTIVE PROTEIN?(CRP)","mg/L","Upto 6.0 mg/L","1","","",""
"126","BIOCHEMISTRY","CRP (C - REACTIVE PROTEIN)","Clinical Significance","","","2","","",""
"127","BIOCHEMISTRY","CRP RF ASO","C-REACTIVE PROTEIN","mg/L","0-6.0","1","","",""
"128","BIOCHEMISTRY","CRP RF ASO","RHEUMATOID FACTOR","IU/mL","<20","2","","",""
"129","BIOCHEMISTRY","CRP RF ASO","ANTISTREPTOLYSIN","IU/mL","<200","3","","",""
"130","BIO CHEMISTRY","D-DIMER","D- DIMER","ng/ml","< 500 ng/ml?","1","","",""
"131","BIOCHEMISTRY","Dengue NSI","Dengue NSI","","","1","","",""
"132","BIO CHEMISTRY","Dengue Profile","Dengue NSI -Ag - Rapid","","","1","","",""
"133","BIO CHEMISTRY","Dengue Profile","Dengue IgG","","","2","","",""
"134","BIO CHEMISTRY","Dengue Profile","Dengue IgM","","","3","","",""
"135","BIOCHEMISTRY","Erythrocyte sedimentation rate(Esr)","ESR? First Hour??","mm/hr","0 - 10 mm/hr","1","","",""
"136","BIOCHEMISTRY","Erythrocyte sedimentation rate(Esr)","ESR Second Hour","mm","10 - 20 mm","2","","",""
"137","BIOCHEMISTRY","Erythrocyte sedimentation rate(Esr)","HAEMOGLOBIN","g/dl","12-16g/dl ","3","","",""
"138","BIOCHEMISTRY","Erythrocyte sedimentation rate(Esr)","ESR 1st Hour","mm/Hour","00-15 mm/Hour","1","","",""
"139","BIO CHEMISTRY","ESTRADIOL(E2)","ESTRADIOL(E2)","pg/mL","30.9 ? 90.4: Follicular Phase 60.4 ? 533 : Ovulation phase 60.4 ? 232 : Luteal Phase < 138 : Postmenopausal ","1","","",""
"140","BIOCHEMISTRY","FASTING BLOOD SUGAR & POST LUNCH BLOOD SUGAR","FASTING PLASMA SUGAR","mg/dl","70-110mg/dl ","1","","",""
"141","BIOCHEMISTRY","FASTING BLOOD SUGAR & POST LUNCH BLOOD SUGAR","CORRESPONDING URINE SUGAR","","  ","2","","",""
"142","BIOCHEMISTRY","FASTING BLOOD SUGAR & POST LUNCH BLOOD SUGAR","POST LUNCH BLOOD SUGAR","mg/dl","110-170mg/dl ","3","","",""
"143","BIOCHEMISTRY","FASTING BLOOD SUGAR & POST LUNCH BLOOD SUGAR","CORRESPONDING URINE SUGAR","","","4","","",""
"144","BIO CHEMISTRY","FBS (FASTING BLOOD SUGAR)","FASTING BLOOD SUGAR","mg/dl","70-110mg/dl ","1","","",""
"145","BIO CHEMISTRY","FBS (FASTING BLOOD SUGAR)","FASTING URINE SUGAR","","","2","","",""
"146","Hematology","FIBRINOGEN","Fibrinogen","mg/dL","150-400","1","","",""
"147","Hematology","FLUID CELL COUNT","PHYSICAL EXAMINATION","","","1","","",""
"148","Hematology","FLUID CELL COUNT","Color","","","2","","",""
"149","Hematology","FLUID CELL COUNT","Volume","","","3","","",""
"150","Hematology","FLUID CELL COUNT","Appearance","","","4","","",""
"151","Hematology","FLUID CELL COUNT","Reaction","","","5","","",""
"152","Hematology","FLUID CELL COUNT","Sediment","","","6","","",""
"153","Hematology","FLUID CELL COUNT","MICROSCOPIC EXAMINATION","","","7","","",""
"154","Hematology","FLUID CELL COUNT","Neutrophils","%","","8","","",""
"155","Hematology","FLUID CELL COUNT","Lymphocytes","%","","9","","",""
"156","Hematology","FLUID CELL COUNT","Eosinophils","%","","10","","",""
"157","Hematology","FLUID CELL COUNT","Monocytes","%","","11","","",""
"158","Hematology","FLUID CELL COUNT","Basophils","%","","12","","",""
"159","Hematology","FOLIC ACID","Folic Acid","ng/mL","< 3.9 : Deficient 4.0 ? 5.8 : Indeterminate > 5.9 : Normal","1","","",""
"160","BIOCHEMISTRY","FREE T3","FREE T3","ng/dL","1.8-4.2 ","1","","",""
"161","BIOCHEMISTRY","FREE T3 T4","FREE T3","ng/dL","1.8-4.2","1","","",""
"162","BIOCHEMISTRY","FREE T3 T4","FREE T4","ng/dL","0.87-1.85","2","","",""
"163","BIO CHEMISTRY","FREE-T4 (THYROXINE)","FREE-T4 (THROXINE)","","0.87-1.85 ","1","","",""
"164","BIO CHEMISTRY","FSH","Follicle Stimulating Hormone (FSH)","mIU/ml","Follicular phase:3.5-12.5 Ovulation period:4.7-21.5 Luteal phase:1.7.21.5 Post-mentopause:25.8-134.8","1","","",""
"165","BIOCHEMISTRY","FSH LH PRL (FLP)","Follicle-Stimulating Hormone(FSH)","","Follicular phase:3.5-12.5 Ovulation period:4.7-21.5 Luteal phase:1.7.21.5 Post-mentopause:25.8-134.8","1","","",""
"166","BIOCHEMISTRY","FSH LH PRL (FLP)","LUTENIZING HORMONE(LH)","","Follicular phase:1.9-11.6 Ovulation period:12.9-105.2 Luteal phase:0.8-10.5 Post-menopause:6.6-66.4","2","","",""
"167","BIOCHEMISTRY","FSH LH PRL (FLP)","PROLACTIN(PRL)","","Males : 2.07 - 10.45 ng/ml Females :2.76-15.042 ng/ml","3","","",""
"168","BIO CHEMISTRY","Glomerular Filtration Rate (eGFR)","Glomerular Filtration Rate (eGFR)","","","1","","",""
"169","BIO CHEMISTRY","Glomerular Filtration Rate (eGFR)","CREATININE","","0.7-1.3 ","2","","",""
"170","BIO CHEMISTRY","Glomerular Filtration Rate (eGFR)","estimated Glomerular Filtration Rate (eGFR)","mL/min/1.73m?",">90","3","","",""
"171","BIOCHEMISTRY","GLUCOSE CHALLANGE TEST (GCT)","Fasting Blood Sugar","","70-110 ","1","","",""
"172","BIOCHEMISTRY","GLUCOSE CHALLANGE TEST (GCT)","After glucose 75 grams given","","","2","","",""
"173","BIOCHEMISTRY","GLUCOSE CHALLANGE TEST (GCT)","1st hour glucose","","< 180 mg/dL","3","","",""
"174","BIOCHEMISTRY","GLUCOSE CHALLANGE TEST (GCT)","2nd hour glucose","","< 155 mg/dL","4","","",""
"175","BIOCHEMISTRY","GLUCOSE CHALLANGE TEST (GCT)","Corresponding urine sugar","","","5","","",""
"176","BIO CHEMISTRY","GLUCOSE-FLUIDS","GLUCOSE","mg/dl","","1","","",""
"177","Hematology","HAEMOGLOBIN","Haemoglobin","Grams","Male :13-17 Grams % Female :12-15 Grams % Child :11.0-15.5 Grams %","1","","",""
"178","Hematology","HAEMOGRAM","Hemoglobin","gms/dl","Male :13-17gms/dl Female :12-15gms/dl Child :0-0gms/dl ","1","","",""
"179","Hematology","HAEMOGRAM","P C V","Vol%","40-50Vol% ","4","","",""
"180","Hematology","HAEMOGRAM","Red Cell Count","mill/cumm","Male :4.5-5.5mill/cumm Female :3.8-4.8mill/cumm Child :0-0mill/cumm ","2","","",""
"181","Hematology","HAEMOGRAM","M.C.V","fl","83-101fl ","5","","",""
"182","Hematology","HAEMOGRAM","M.C.H","pg","27-32 pg ","6","","",""
"183","Hematology","HAEMOGRAM","R.D.W","%","10-15% ","8","","",""
"184","Hematology","HAEMOGRAM","Platelet Count","Lakhs/cumm","1.50 - 4.20 Lakhs/cumm ","9","","",""
"185","Hematology","HAEMOGRAM","DIFFERENTIAL COUNT","","","11","","",""
"186","Hematology","HAEMOGRAM","Neutrophils","%","40-80 % ","12","","",""
"187","Hematology","HAEMOGRAM","Lymphocytes","%","20-40% ","13","","",""
"188","Hematology","HAEMOGRAM","Eosinophils","%","1-6% ","14","","",""
"189","Hematology","HAEMOGRAM","Monocytes","%","2-10% ","15","","",""
"190","Hematology","HAEMOGRAM","Basophils","00 %","0-1 % ","16","","",""
"191","Hematology","HAEMOGRAM","PERIPHERAL SMEAR","","","17","","",""
"192","Hematology","HAEMOGRAM","R B C","","","18","","",""
"193","Hematology","HAEMOGRAM","W B C","","","19","","",""
"194","Hematology","HAEMOGRAM","PLATELETS","","","20","","",""
"195","Hematology","HAEMOGRAM","Note","","","21","","",""
"196","Hematology","HAEMOGRAM","Advise","","  ","22","","",""
"197","Hematology","HAEMOGRAM","Impression","","  ","23","","",""
"198","Hematology","HAEMOGRAM","M.C.H.C","gms/dl","32 - 36 gms/dl ","7","","",""
"199","Hematology","HAEMOGRAM","HAEMOGRAM","","","112","","",""
"200","Hematology","HAEMOGRAM","Total Leucocyte(WBC) count","cells/cumm","4000 - 10000 cells/cumm","10","","",""
"201","BIO CHEMISTRY","HBA1C","Glycosylated Hemoglobin(HBA 1C)","%","<4-6 NON DIABETIC 6-7 GOOD CONTROL 7-8 POOR CONTROL >8 DIABETIC >10.10 VERY POOR CONTROL","1","","",""
"202","BIO CHEMISTRY","HBA1C","Estimated Average Glucose (EAG)","mg/dL","<110 mg/dL Non Diabetic 110-140 mg/dL Excellent Control 140-180 mg/dL Fair Control 180-250 mg/dL Unsatisfactory Control >250 mg/dL Poor Control ","2","","",""
"203","BIO CHEMISTRY","HBA1C","INTERPRETATION:","","","3","","",""
"204","MICROBIOLOGY","HBSAG","HbsAg","","","1","","",""
"205","BIO CHEMISTRY","HCG","BETA HCG","","Non pregnant woman <0.5-3.0 1-10 weeks:50-221796 11-15weeks:15205-227034 16-24weeks:5002-75445 25-40weeks:1501-69208","1","","",""
"206","BIOCHEMISTRY","HCG PREGNANCY RAPID","HCG PREGNANCY RAPID","","","1","","",""
"207","BIOCHEMISTRY","HEMOGLOBIN","Haemoglobin","g/dL","Male :13-17g/dL Female :12-15g/dL Child :0-0g/dL ","1","","",""
"208","MICROBIOLOGY","Hemoglobinopathy (Hb Electrophoresis)","Hemoglobinopathies","","","1","","",""
"209","MICROBIOLOGY","Hemoglobinopathy (Hb Electrophoresis)","Total Hemoglobin","g/dl","12.0 - 15.0","2","","",""
"210","MICROBIOLOGY","Hemoglobinopathy (Hb Electrophoresis)","Total RBC Count","mln/cmm","3.8 - 4.8","3","","",""
"211","MICROBIOLOGY","Hemoglobinopathy (Hb Electrophoresis)","MCV","fl","83 - 101","4","","",""
"212","MICROBIOLOGY","Hemoglobinopathy (Hb Electrophoresis)","MCH","pg","27 - 32","5","","",""
"213","MICROBIOLOGY","Hemoglobinopathy (Hb Electrophoresis)","RDW - CV","%","11.5 - 14.5","6","","",""
"214","MICROBIOLOGY","Hemoglobinopathy (Hb Electrophoresis)","Hb A0 Level","%","95-98","7","","",""
"215","MICROBIOLOGY","Hemoglobinopathy (Hb Electrophoresis)","Hb A2 Level","%","2.0 - 3.5","8","","",""
"216","MICROBIOLOGY","Hemoglobinopathy (Hb Electrophoresis)","Hb F (Foetal Hb) Level","%","< 1","9","","",""
"217","MICROBIOLOGY","Hemoglobinopathy (Hb Electrophoresis)","Sickle cell Window","%","00","10","","",""
"218","MICROBIOLOGY","Hemoglobinopathy (Hb Electrophoresis)","Hb D -Window","%","00","11","","",""
"219","MICROBIOLOGY","Hemoglobinopathy (Hb Electrophoresis)","Hb C -Window","%","00","12","","",""
"220","MICROBIOLOGY","Hemoglobinopathy (Hb Electrophoresis)","Hb E -Window","%","00","13","","",""
"221","MICROBIOLOGY","Hemoglobinopathy (Hb Electrophoresis)","Unknown Variant","%","00","14","","",""
"222","MICROBIOLOGY","Hemoglobinopathy (Hb Electrophoresis)","Impression","","","15","","",""
"223","BIO CHEMISTRY","HEPATITIS B","HbsAg","","","1","","",""
"224","BIO CHEMISTRY","HEPATITIS C","Hepatitis C Virus","","","1","","",""
"225","BIOCHEMISTRY","HEPATITIS C VIRUS RAPID","HEPATITIS C VIRUS","","","1","","",""
"226","PATHOLOGY","HIV","HIV I & II","","","1","","",""
"227","Hematology","HLA-B27","HLA B27 DNA - Qualitative","","","1","","",""
"228","BIOCHEMISTRY","HOMA2-IR (Homeostatic Model Assessment 2 - Insulin Resistance)","HOMA2-IR (Homeostatic Model Assessment 2 - Insulin Resistance)","","","1","","",""
"229","BIOCHEMISTRY","HOMA2-IR (Homeostatic Model Assessment 2 - Insulin Resistance)","Glucose Plasma, Fasting","mg/dL","70-110","2","","",""
"230","BIOCHEMISTRY","HOMA2-IR (Homeostatic Model Assessment 2 - Insulin Resistance)","Insulin Serum , Fasting","?U/mL","2-25","3","","",""
"231","BIOCHEMISTRY","HOMA2-IR (Homeostatic Model Assessment 2 - Insulin Resistance)","Beta Cell Function (%B)","%","80% ? 100% : Normal 50% - 79% : Mild <50 % : Severe","4","","",""
"232","BIOCHEMISTRY","HOMA2-IR (Homeostatic Model Assessment 2 - Insulin Resistance)","Insulin Sensitivity (%S)","","","5","","",""
"233","BIOCHEMISTRY","HOMA2-IR (Homeostatic Model Assessment 2 - Insulin Resistance)","HOMA IR Index","","< 1.0 : Optimal 1.0 - 1.9 : Early IR 1.9 - 2.9 : Significant IR >2.9 : High Risk ","6","","",""
"234","BIO CHEMISTRY","HOMOCYSTEIN","Homocysteine","?mol/L","5 -15 : Normal 16 ? 30 : Mildly Elevated 31 ? 75 : Elevated >75 : Severely Elevated","1","","",""
"235","BIO CHEMISTRY","HS TROP I","High Sensitive Troponin-I","ng/mL","upto 0.3 ng/mL","1","","",""
"236","BIOCHEMISTRY","HSV 1 & 2 IgG","Herpes simplex virus 1 & 2 IgG","s/co","<0.9 Negative 0.9 -1.1 Equivocal >1.2 Positive","1","","",""
"237","BIOCHEMISTRY","HSV 1 & 2 IgM","Herpes simplex virus 1 & 2 IgM","s/co","<0.9 Negative 0.9 -1.1 Equivocal >1.2 Positive","1","","",""
"238","BIOCHEMISTRY","HSV IgG,IgM","Herpes Simplex Virus 1 & 2 IgG","s/co","<0.9 Negative 0.9 -1.1 Equivocal >1.2 Positive","1","","",""
"239","BIOCHEMISTRY","HSV IgG,IgM","Herpes Simplex Virus 1 & 2 IgM","s/co","<0.9 Negative 0.9 -1.1 Equivocal >1.2 Positive","2","","",""
"240","BIOCHEMISTRY","HSV IgG,IgM","","","","4","","",""
"241","BIO CHEMISTRY","Immunoglobulin (IgG)","Immunoglobin IgG","","7.0-16.0","1","","",""
"242","BIOCHEMISTRY","Immunoglobulin A (IgA)","Immunoglobulin A (IgA)","g/L","0.34 ? 2.22","1","","",""
"243","BIO CHEMISTRY","Immunoglobution (IgM)","Immunoglobulin M (IgM)","","0.40 ? 2.3","1","","",""
"244","BIOCHEMISTRY","INSULIN POST PRANDIAL","INSULIN POST PRANDIAL","","22-75 ","1","","",""
"245","BIO CHEMISTRY","INSULIN-FASTING","INSULIN-FASTING","uIU/ml","2.5-25 ","1","","",""
"246","BIO CHEMISTRY","Ionised Calcium","Ionised Calcium","mmol/L","1.10 - 1.35 mmol/L","1","","",""
"247","BIO CHEMISTRY","IRON","IRON SERUM","ug/dL","33-193 ","1","","",""
"248","BIO CHEMISTRY","IRON DEFICIENCY PROFILE","IRON","ug/dL","33-193ug/dL ","1","","",""
"249","BIO CHEMISTRY","IRON DEFICIENCY PROFILE","Unsaturated Iron Binding Capacity","ug/dL","135-392ug/dL ","2","","",""
"250","BIO CHEMISTRY","IRON DEFICIENCY PROFILE","Iron Binding Capacity - Total (TIBC)","ug/dL","250-400 ug/dL ","3","","",""
"251","BIO CHEMISTRY","IRON DEFICIENCY PROFILE","Transferrin","ug/dL","176-280 ug/dL ","4","","",""
"252","BIO CHEMISTRY","IRON DEFICIENCY PROFILE","Transferrin%","%","20-50% ","5","","",""
"253","BIO CHEMISTRY","IRON DEFICIENCY PROFILE","Ferritin","ng/mL","6-175ng/mL ","6","","",""
"254","BIOCHEMISTRY","KIDNEY FUNCTION TEST (KFT)","SERUM CREATININE","mg/dL","Male :0.9-1.5 Female :0.8-1.3 Child :0-0 ","1","","",""
"255","BIOCHEMISTRY","KIDNEY FUNCTION TEST (KFT)","BLOOD UREA","mg%","14-40mg% ","2","","",""
"256","BIOCHEMISTRY","KIDNEY FUNCTION TEST (KFT)","SERUM URIC ACID","mg/dl","Male :2.5-7 Female :1.5-6 Child :0-0 ","3","","",""
"257","BIOCHEMISTRY","KIDNEY FUNCTION TEST (KFT)","SERUM CALCIUM","mg/dl","8.5-11 ","4","","",""
"258","BIO CHEMISTRY","LDH","LDH","U/L","135-225 ","1","","",""
"259","BIO CHEMISTRY","LDH","Sample Type","","","2","","",""
"260","BIO CHEMISTRY","LDH","LACTATE DEHYDROGEN (LDH)?","U/L","135 - 225","1","","",""
"261","BIO CHEMISTRY","LDH","Sample Type","","","2","","",""
"262","BIO CHEMISTRY","LFT (LIVER FUNCTION TEST)","Total Bilirubin","mg/dl","0.2-1mg/dl ","1","","",""
"263","BIO CHEMISTRY","LFT (LIVER FUNCTION TEST)","Direct Bilirubin","mg/dl","0-0.2 mg/dl ","2","","",""
"264","BIO CHEMISTRY","LFT (LIVER FUNCTION TEST)","Indirect Bilirubin","mg/dl","","3","","",""
"265","BIO CHEMISTRY","LFT (LIVER FUNCTION TEST)","Serum Glutamic Pyruvic Transaminase(SGPT)","IU/L","<40 IU/L ","4","","",""
"266","BIO CHEMISTRY","LFT (LIVER FUNCTION TEST)","Serum Glutamic-Oxaloacetic Transaminase(SGOT)","IU/L","< 40 IU/L ","5","","",""
"267","BIO CHEMISTRY","LFT (LIVER FUNCTION TEST)","Alkaline Phosphatase (ALP)","IU/L","Adult 40 ? 120 IU/L <16 yrs upto 369 IU/L","6","","",""
"268","BIO CHEMISTRY","LFT (LIVER FUNCTION TEST)","Total Proteins","gms/dl","6.4 - 8.3 gms/dl ","7","","",""
"269","BIO CHEMISTRY","LFT (LIVER FUNCTION TEST)","Albumin","gms/dl","3.5-5.2 gms/dl ","8","","",""
"270","BIO CHEMISTRY","LFT (LIVER FUNCTION TEST)","Globulin","gms/dl","2.5-4.0 gms/dl ","9","","",""
"271","BIO CHEMISTRY","LFT (LIVER FUNCTION TEST)","A/G Ratio","","0.8-2.0 ","10","","",""
"272","BIO CHEMISTRY","LIPASE","Lipase","U/L","13-60 ","1","","",""
"273","BIOCHEMISTRY","LIPID PROFILE","TOTAL CHOLESTEROL","mg/dl","<200 : Desirable 200-239 : Boderline isk >240 : High risk ","1","","",""
"274","BIOCHEMISTRY","LIPID PROFILE","HDL CHOLESTEROL","mg/dl","Male :30-63mg/dl Female :35-75mg/dl ","3","","",""
"275","BIOCHEMISTRY","LIPID PROFILE","TRIGLYCERIDES CHOLESTEROL","mg/dl","< 150 : Normal 150-199 : Borderline-High 200-499 : High > 500 : Very High","2","","",""
"276","BIOCHEMISTRY","LIPID PROFILE","LDL CHOLESTEROL","mg/dl","Optimal : < 100 mg/dL Near optimal: 100 - 129 Border line high: 130 -159 High: 160 - 189 Very high: > 190","4","","",""
"277","BIOCHEMISTRY","LIPID PROFILE","VLDL CHOLESTEROL","mg/dL","60-30 mg/dL","5","","",""
"278","BIOCHEMISTRY","LIPID PROFILE","CHOL/HDL RATIO","","UP TO 5.0","6","","",""
"279","BIOCHEMISTRY","LIPID PROFILE","Note:","","","9","","",""
"280","BIOCHEMISTRY","LIPID PROFILE","LDL/HDL RATIO","","","7","","",""
"281","BIOCHEMISTRY","LIPID PROFILE","CHOL/TGL RATIO","","","8","","",""
"282","BIOCHEMISTRY","LIPOPROTEIN A (LP-A)","Lipoprotein a","nmol/L","< 75","1","","",""
"283","BIOCHEMISTRY","LUPAS ANTICOAGULANT","LUPAS ANTICOAGULANT","","","1","","",""
"284","BIOCHEMISTRY","LUPAS ANTICOAGULANT","LA SCREEN","Sec","28 - 45","2","","",""
"285","BIOCHEMISTRY","LUPAS ANTICOAGULANT","LA CONFIRM","Sec","28 - 40","3","","",""
"286","BIOCHEMISTRY","LUPAS ANTICOAGULANT","LA SCREEN/CONFIRM RATIO","Sec"," < 1.3 : Normal 1.3 - 1.8 : Moderate LA 1.8 - 2.4 : High LA > 2.4 : Very High LA","4","","",""
"287","BIO CHEMISTRY","LUTENIZING HORMONE(LH)","Luteinising Hormone (LH)","mIU/ml","Follicular phase:1.9-11.6 Ovulation period:12.9-105.2 Luteal phase:0.8-10.5 Post-menopause:6.6-66.4","1","","",""
"288","BIO CHEMISTRY","MAGNESIUM","SERUM MAGNESIUM","mEq/L","1.3 - 2.5 mEq/L ","115","","",""
"289","Hematology","MALARIA","Malarial Parasite (Pv)","","NEGATIVE","1","","",""
"290","Hematology","MALARIA","Malarial Parasite (Pf)","","NEGATIVE","2","","",""
"291","BIOCHEMISTRY","MANTOUX","Mantoux (Tuberculin)Test","mm","Induration < 5? mm :Negative Induration 9 to 6 mm :Equivocal Induration > 10mm :Positive","1","","",""
"292","BIOCHEMISTRY","MANTOUX","DOSE","TU","","2","","",""
"293","BIOCHEMISTRY","MICROFILARIA ANITIGEN","MICROFILARIA ANTIGEN","","","1","","",""
"294","BIO CHEMISTRY","NT- pro BNP","N-terminal pro-B-type natriuretic peptide (NT-proBNP)","pg/mL","< 300 : Normal (Rule out) 300 - 450 : Borderline > 450 : Elevated > 5000 : High risk","1","","",""
"295","BIO CHEMISTRY","OGTT","Fasting Blood Sugar","mg/dL","70-100 mg/dL","1","","",""
"296","BIO CHEMISTRY","OGTT","Fasting urine sugar","%","","2","","",""
"297","BIO CHEMISTRY","OGTT","0.5 Hour After Glucose","mg/dL","","3","","",""
"298","BIO CHEMISTRY","OGTT","Urine Sugar","%","","4","","",""
"299","BIO CHEMISTRY","OGTT","1.0 Hour After Glucose","mg/dL","<180 mg/dL","5","","",""
"300","BIO CHEMISTRY","OGTT","Urine Sugar","%","","6","","",""
"301","BIO CHEMISTRY","OGTT","1.5 Hour After glucose","mg/dL","","7","","",""
"302","BIO CHEMISTRY","OGTT","Urine Sugar","%","","8","","",""
"303","BIO CHEMISTRY","OGTT","2.0 Hour After Glucose","mg/dL","<140 mg/dL","9","","",""
"304","BIO CHEMISTRY","OGTT","Urine Suagar","%","","10","","",""
"305","BIO CHEMISTRY","PARA THYROID HORMONE-PTH","PARA THYROID HORMONE-PTH","pg/mL","15.0 ? 68.0 : 11 ? 17 Yrs 15.0 ? 65.0 : 18 ? 100 Yrs ","1","","",""
"306","Hematology","PERIPHERAL SMEAR","Peripheral Smear","","","1","","",""
"307","Hematology","PERIPHERAL SMEAR","RBC:","","","2","","",""
"308","Hematology","PERIPHERAL SMEAR","WBC:","","","3","","",""
"309","Hematology","PERIPHERAL SMEAR","PLATELETS:","","","4","","",""
"310","Hematology","PERIPHERAL SMEAR","HEMOPARASITES:","","","5","","",""
"311","Hematology","PERIPHERAL SMEAR","ATYPICAL CELLS/BLASTS:","","","6","","",""
"312","Hematology","PERIPHERAL SMEAR","IMPRESSION","","","8","","",""
"313","Hematology","PERIPHERAL SMEAR","NOTE","","","8","","",""
"314","Hematology","PERIPHERAL SMEAR","Peripheral Smear","","","1","","",""
"315","Hematology","PERIPHERAL SMEAR","RBC:","","","2","","",""
"316","Hematology","PERIPHERAL SMEAR","WBC:","","","3","","",""
"317","Hematology","PERIPHERAL SMEAR","PLATELETS:","","","4","","",""
"318","Hematology","PERIPHERAL SMEAR","HEMOPARASITES:","","","5","","",""
"319","Hematology","PERIPHERAL SMEAR","ATYPICAL CELLS/BLASTS:","","","6","","",""
"320","Hematology","PERIPHERAL SMEAR","ADVISE:","","","7","","",""
"321","BIOCHEMISTRY","PHOSPHOLIPID ANTIBODIES IgG","PHOSPHOLIPID ANTIBODIES IgG","MPL U/mL","< 10 Normal > 10 Elevated ","1","","",""
"322","BIOCHEMISTRY","PHOSPHOLIPID ANTIBODIES IgM","PHOSPHOLIPID ANTIBODY IgM","GPL U/mL","< 10 Normal > 10 Elevated","1","","",""
"323","BIO CHEMISTRY","PHOSPHORUS","Phosphorus","mg/dL","2.5 - 4.5 mg/dL","1","","",""
"324","Hematology","Platelet count","Platelet count","Lakhs/cumm","1.5-4.5","1","","",""
"325","BIO CHEMISTRY","PLBS","Post Lunch Blood Sugar Test","mg/dl","110-170mg/dl ","1","","",""
"326","BIO CHEMISTRY","PLBS","Urine sugar","","","2","","",""
"327","BIO CHEMISTRY","POTASSIUM","SERUM POTASSIUM","mmol/L","3.5 - 5.5 mmol/L","1","","",""
"328","BIO CHEMISTRY","POTASSIUM","Potassium","mmol/L","3.5 - 5.0 mmol/L","1","","",""
"329","BIO CHEMISTRY","PROCALCITONIN(PCT)","PROCALCITONIN","ng/mL","<0.10ng/mL","1","","",""
"330","BIO CHEMISTRY","PROGESTERONE","PROOGESTERONE","ng/mL","FEMALE : Follicular Phase:0.2-1.6 Ovulation phase:0.3-2.1 Luteal Phase:1.8-22.5 Postmenophause:<1.05 PREGNANCY FEMALES : First Trimester:3.9-60 Second Trimester...","1","","",""
"331","BIO CHEMISTRY","PROLACTIN","PROLACTIN","ng/mL","Males : 2.07 - 10.45 ng/ml Females :2.76-15.042 ng/ml","1","","",""
"332","BIO CHEMISTRY","PROTEINS-FLUID","Protein-Any Fluid","g/dl","","1","","",""
"333","BIO CHEMISTRY","PSA-TOTAL","Prostarate Specific Antigen Total","ng/mL","<4.0 ","1","","",""
"334","Hematology","PT/INR","PATIENT VOLUE","Seconds","11-16 ","2","","",""
"335","Hematology","PT/INR","PROTHROMBIN TIME","","","1","","",""
"336","Hematology","PT/INR","(MNPT) PT CONTTROL VOLUE","Seconds","13.5","3","","",""
"337","Hematology","PT/INR","PATIENT RATIO","","","4","","",""
"338","Hematology","PT/INR","NORMAL INR","","0.8-1.2","5","","",""
"339","Hematology","PT/INR","THERAPEUTIC INR (OAC THERAPY)","","2.0-3.5","6","","",""
"340","BIOCHEMISTRY","PT/INR & APTT","PT WITH INR","","","1","","",""
"341","BIOCHEMISTRY","PT/INR & APTT","TEST","Seconds","10-14Seconds ","2","","",""
"342","BIOCHEMISTRY","PT/INR & APTT","CONTROL","Seconds","11-13.5 Seconds ","3","","",""
"343","BIOCHEMISTRY","PT/INR & APTT","INR","Seconds","1 - 1.4 Seconds ","4","","",""
"344","BIOCHEMISTRY","PT/INR & APTT","ACTIVATED PARTIAL THROMBOPLASTIN","","","5","","",""
"345","BIOCHEMISTRY","PT/INR & APTT","TEST","Seconds","26 - 40 Seconds ","6","","",""
"346","BIOCHEMISTRY","PT/INR & APTT","CONTROL","Seconds","27-32Seconds ","7","","",""
"347","BIO CHEMISTRY","RA FACTOR","RA FACTOR","IU/ml","Upto 20 IU/ml","1","","",""
"348","BIOCHEMISTRY","RANDOM BLOOD SUGAR(RBS)","RANDOM BLOOD SUGAR","mg/dl","60 - 160 mg/dl","1","","",""
"349","BIOCHEMISTRY","RBS,BT,CT","Random blood sugar","mg/dL","70-140","1","","",""
"350","BIOCHEMISTRY","RBS,BT,CT","Bleeding Time","","1 - 3 Mnts","2","","",""
"351","BIOCHEMISTRY","RBS,BT,CT","Clottiing Time","","3 - 7 Mnts","4","","",""
"352","BIOCHEMISTRY","RENAL PROFILE 2 (RP2)","RANDOM BLOOD SUGAR","mg/dL","<140","1","","",""
"353","BIOCHEMISTRY","RENAL PROFILE 2 (RP2)","SERUM CREATININE","mg/dl","F 0.6-1.3 M 0.9-1.5","2","","",""
"354","BIOCHEMISTRY","RENAL PROFILE 2 (RP2)","BLOOD UREA","mg/dl","15-45","3","","",""
"355","BIOCHEMISTRY","RENAL PROFILE 2 (RP2)","SERUM URIC ACID","mg/dl","F 2.6-6.0 M 3.4-7.0","4","","",""
"356","BIOCHEMISTRY","RENAL PROFILE 2 (RP2)","SERUM ELECTROLYTES","","","5","","",""
"357","BIOCHEMISTRY","RENAL PROFILE 2 (RP2)","SERUM SODIUM","mMol/L","135-150","6","","",""
"358","BIOCHEMISTRY","RENAL PROFILE 2 (RP2)","SERUM POTASSIUM","mMol/L","3.5-5.5","7","","",""
"359","BIOCHEMISTRY","RENAL PROFILE 2 (RP2)","SERUM CHLORIDE","mMol/L","98-107","8","","",""
"360","BIOCHEMISTRY","RENAL PROFILE-II","RANDOM BLOOD SUGAR","","80-140 ","1","","",""
"361","BIOCHEMISTRY","RENAL PROFILE-II","SERUM CREATININE","","Male :0.9-1.5 Female :0.8-1.3 Child :0.3-0.7 ","2","","",""
"362","BIOCHEMISTRY","RENAL PROFILE-II","BLOOD UREA","","15-45 ","3","","",""
"363","BIOCHEMISTRY","RENAL PROFILE-II","SERUM URICACID","","Male :3.4-7 Female :2.4-5.7 Child :0-0 ","4","","",""
"364","BIOCHEMISTRY","RENAL PROFILE-II","SERUM SODIUM","","135-150 ","5","","",""
"365","BIOCHEMISTRY","RENAL PROFILE-II","SERUM POTASSIUM","","3.5-5 ","6","","",""
"366","BIOCHEMISTRY","RENAL PROFILE-II","SERUM CHLORIDE","","94-110 ","7","","",""
"367","Hematology","RETICULOCYTE COUNT","Reticulocyte Count","%","0.5-2.5% New born: 2.5-6%","1","","",""
"368","BIO CHEMISTRY","RFT(RENAL FUNCTION TEST)","BLOOD UREA","mg/dl","15-45mg/dl ","1","","",""
"369","BIO CHEMISTRY","RFT(RENAL FUNCTION TEST)","SERUM URIC ACID","mg/dl","Male :3.4-7mg/dl Female :2.4-5.7mg/dl Child :0-0mg/dl ","3","","",""
"370","BIO CHEMISTRY","RFT(RENAL FUNCTION TEST)","SODIUM","mMol/L","135-150 ","4","","",""
"371","BIO CHEMISTRY","RFT(RENAL FUNCTION TEST)","POTASSIUM","mMol/L","3.5-5.0 ","5","","",""
"372","BIO CHEMISTRY","RFT(RENAL FUNCTION TEST)","CHLORIDE","mMol/L","98-107","6","","",""
"373","BIO CHEMISTRY","RFT(RENAL FUNCTION TEST)","SERUM CREATININE","mg/dl","Male :0.9-1.5mg/dl Female :0.8-1.3mg/dl Child :0.3-0.7mg/dl ","2","","",""
"374","BIO CHEMISTRY","RFT(RENAL FUNCTION TEST)","Note","","","8","","",""
"375","BIO CHEMISTRY","RFT(RENAL FUNCTION TEST)","SERUM CALCIUM","mg/dL","8.5-11 ","7","","",""
"376","BIO CHEMISTRY","RHEUMATOID FACTOR","RHEUMATOID FACTOR (RF)","IU/mL","<20","1","","",""
"377","BIOCHEMISTRY","RUBELLA VIRUS IgG","RUBELLA IgG","","< 0.9: Negative 0.9-1.1: Equivocal >1.1 Positive","1","","",""
"378","BIO CHEMISTRY","Salmonella IgG","Salmonella typhi IgG","s/co","<1.0 Negative >1.0 Positive","1","","",""
"379","BIO CHEMISTRY","Salmonella IgM","Salmonella typhi IgM","s/co","<1.0 Negative >1.0 Positive","1","","",""
"380","BIOCHEMISTRY","SALMONELLA TYPE IgG, IgM","Salmonella Type IgG","s/co","<1.0 Negative >1.0 Positive","1","","",""
"381","BIOCHEMISTRY","SALMONELLA TYPE IgG, IgM","Salmonella Type IgM","s/co","<1.0 Negative >1.0 Positive","2","","",""
"382","MICROBIOLOGY","SALMONELLA TYPHI","SALMONELLA TYPHI-IGG","","NEGATIVE","1","","",""
"383","MICROBIOLOGY","SALMONELLA TYPHI","SALMONELLA TYPHI-IGM","","NEGATIVE","2","","",""
"384","PATHOLOGY","SEMEN ANALYSIS","Volume","","ml","1","","",""
"385","PATHOLOGY","SEMEN ANALYSIS","Reaction","","","3","","",""
"386","PATHOLOGY","SEMEN ANALYSIS","Viscocity","","","5","","",""
"387","PATHOLOGY","SEMEN ANALYSIS","Liquefaction Time","","minutes","6","","",""
"388","PATHOLOGY","SEMEN ANALYSIS","Total Sperm Count","","Million/ml","8","","",""
"389","PATHOLOGY","SEMEN ANALYSIS","Microscopic Examination:","","","7","","",""
"390","PATHOLOGY","SEMEN ANALYSIS","Impression","","","16","","",""
"391","PATHOLOGY","SEMEN ANALYSIS","Colour","","","2","","",""
"392","PATHOLOGY","SEMEN ANALYSIS","Note","","","17","","",""
"393","PATHOLOGY","SEMEN ANALYSIS","PUS Cells","cells/hpf","0-3 cells/hpf","13","","",""
"394","PATHOLOGY","SEMEN ANALYSIS","RBC","cells/hpf","0-3 cells/hpf","14","","",""
"395","PATHOLOGY","SEMEN ANALYSIS","Sluggish Motile","","","9","","",""
"396","PATHOLOGY","SEMEN ANALYSIS","Normal Forms","","","11","","",""
"397","PATHOLOGY","SEMEN ANALYSIS","Active Motile","","","9","","",""
"398","PATHOLOGY","SEMEN ANALYSIS","Abnormal Forms","cells/hpf","","12","","",""
"399","PATHOLOGY","SEMEN ANALYSIS","Normal Morphology","%",">4%","17","","",""
"400","PATHOLOGY","SEMEN ANALYSIS","Types of abnormal forms","","","18","","",""
"401","PATHOLOGY","SEMEN ANALYSIS","Epithelial cells","cells/hpf","","15","","",""
"402","PATHOLOGY","SEMEN ANALYSIS","Non Motile","","","10","","",""
"403","PATHOLOGY","SEMEN ANALYSIS","Note:","","","22","","",""
"404","PATHOLOGY","SEMEN ANALYSIS","PH","","","4","","",""
"405","PATHOLOGY","SEMEN ANALYSIS","PHYSICAL EXAMINATION","","","1","","",""
"406","PATHOLOGY","SEMEN ANALYSIS","PLACE OF COLLECTION","","","2","","",""
"407","PATHOLOGY","SEMEN ANALYSIS","TIME OF COLLECTION","","","3","","",""
"408","PATHOLOGY","SEMEN ANALYSIS","LIQUIFACTION","","","4","","",""
"409","PATHOLOGY","SEMEN ANALYSIS","PROCESSING TIME","","","5","","",""
"410","PATHOLOGY","SEMEN ANALYSIS","VOLUME","","","6","","",""
"411","PATHOLOGY","SEMEN ANALYSIS","COLOUR","","","6","","",""
"412","PATHOLOGY","SEMEN ANALYSIS","REACTION","","","7","","",""
"413","PATHOLOGY","SEMEN ANALYSIS","VISCOCITY","","","8","","",""
"414","PATHOLOGY","SEMEN ANALYSIS","MICROSCOPIC EXAMINATION","","","9","","",""
"415","PATHOLOGY","SEMEN ANALYSIS","TOTAL SPERM COUNT","","","10","","",""
"416","PATHOLOGY","SEMEN ANALYSIS","MOTILITY RAPID","","","11","","",""
"417","PATHOLOGY","SEMEN ANALYSIS","PROGRESSIVE","","","12","","",""
"418","PATHOLOGY","SEMEN ANALYSIS","MORPHALOGY","","","13","","",""
"419","PATHOLOGY","SEMEN ANALYSIS","PUS CELLS","","","15","","",""
"420","PATHOLOGY","SEMEN ANALYSIS","EPTHELIAL CELLS","","","16","","",""
"421","PATHOLOGY","SEMEN ANALYSIS","RED BLOOD CELLS","","","17","","",""
"422","PATHOLOGY","SEMEN ANALYSIS","SPERMATOGONIA","","","18","","",""
"423","PATHOLOGY","SEMEN ANALYSIS","IMPRESSION","","","19","","",""
"424","BIOCHEMISTRY","SERUM CALCIUM","SERUM CALCIUM","mg/dL","8.6-11mg/dL ","1","","",""
"425","BIOCHEMISTRY","SERUM CREATININE","SERUM CREATININE","mg/dL","Male :0.9-1.5mg/dL Female :0.8-1.3mg/dL Child :0-0mg/dL ","1","","",""
"426","BIOCHEMISTRY","SERUM ELECTROLYTES","SERUM SODIUM","mmol/L","135-150 mmol/L ","1","","",""
"427","BIOCHEMISTRY","SERUM ELECTROLYTES","SERUM POTASSIUM","mmol/L","3.5-5.0 mmol/L ","2","","",""
"428","BIOCHEMISTRY","SERUM ELECTROLYTES","SERUM CHLORIDE","mmol/L","94-110 mmol/L ","3","","",""
"429","BIOCHEMISTRY","SERUM ELECTROLYTES","Ionised Calcium (iCa)","mmol/L","1.10 - 1.35 mmol/L","4","","",""
"430","BIO CHEMISTRY","SERUM FERRTIN","FERRITIN","ng/mL","Male :27-375ng/mL Female :12-135ng/mL Child :0-0ng/mL ","1","","",""
"431","BIO CHEMISTRY","SERUM PROTEINS","Protein","g/dl","6.4 - 8.3 g/dl","1","","",""
"432","BIO CHEMISTRY","SERUM PROTEINS","Albumin","g/dl","3.5 - 5.2 g/dl","2","","",""
"433","BIO CHEMISTRY","SERUM PROTEINS","Globulin","g/dl","2.5 - 3.5 g/dl","3","","",""
"434","BIO CHEMISTRY","SERUM PROTEINS","A/G Ratio","","0.8 - 2.0","4","","",""
"435","BIO CHEMISTRY","SERUM SODIUM","SODIUM","mmol/L","135 - 150 mmol/L","1","","",""
"436","BIOCHEMISTRY","SERUM URIC ACID","SERUM URIC ACID","mg/dl","Males : 3.5 - 7.2 mg/dl Females : 2.6 - 6.0 mg/dl ","1","","",""
"437","BIO CHEMISTRY","SGOT","SGOT","U/L","Males : upto 35 U/L Females: upto 31 U/L","1","","",""
"438","BIO CHEMISTRY","SGPT","SGPT","U/L","Males : upto 45 U/L Females: upto 34 U/L","1","","",""
"439","BIOCHEMISTRY","SODIUM POTASSIUM","SERUM SODIUM","","135 -155","1","","",""
"440","BIOCHEMISTRY","SODIUM POTASSIUM","SERUM POTASSIUM","","3.5-5.5","2","","",""
"441","PATHOLOGY","STOOL FOR OCCULT BLOOD","Stool for Occult Blood","","","1","","",""
"442","Hematology","TC/DC","TC & DC","","","1","","",""
"443","Hematology","TC/DC","PHYSICAL EXAMINATION","","","2","","",""
"444","Hematology","TC/DC","Volume","ml","","3","","",""
"445","Hematology","TC/DC","Color","","","4","","",""
"446","Hematology","TC/DC","Appearance","","","5","","",""
"447","Hematology","TC/DC","MICROSCOPIC EXAMINATION","","","6","","",""
"448","Hematology","TC/DC","RBC count","/HPF","","10","","",""
"449","Hematology","TC/DC","Total WBC count","/cumm","/cumm","7","","",""
"450","Hematology","TC/DC","Polymorphs","%","0 - 7 %","8","","",""
"451","Hematology","TC/DC","Lymphocytes","%","28 - 96 %","9","","",""
"452","BIO CHEMISTRY","TESTOSTERONE TOTAL","TESTOSTERONE","ng/dL","MALES: 241 - 827 ng/mL FEMALES : 14 - 76 ng/ml","1","","",""
"453","BIO CHEMISTRY","Thyroid Function Test (TFT)","Total Triiodo Thyronine [T3]","ng/dl","105-269: 1-5 Yrs 8 - 241: 6 - 15 Yrs 70-210: 16-50 years 40-181: 51-90 years","1","","",""
"454","BIO CHEMISTRY","Thyroid Function Test (TFT)","Total Thyroxine [T4]","?g/dl","5.1-14.1?g/dl","2","","",""
"455","BIO CHEMISTRY","Thyroid Function Test (TFT)","Thyroid Stimulating Hormone (TSH)","uIU/mL","0.30 ? 4.20 Pregnancy Reference Intervals 0.03-3.40 : First trimester 0.19-4.06 : Second trimester","3","","",""
"456","BIOCHEMISTRY","THYROID PROFILE","Total Triiodo Thyronine [T3]","ng/dl","58.0-162","1","","",""
"457","BIOCHEMISTRY","THYROID PROFILE","Total Thyroxine [T4]","?g/dl","5-12.5?g/dl ","2","","",""
"458","BIOCHEMISTRY","THYROID PROFILE","Thyroid Stimulating Hormone (TSH)","uIU/mL","0.3-5.1uIU/mL ","3","","",""
"459","BIOCHEMISTRY","THYROID PROFILE-II","Thyroid Stimmulating Hormone(TSH)","?IU/mL","0.3-5.1","3","","",""
"460","BIOCHEMISTRY","THYROID PROFILE-II","TriIodothyronine Free (FT3)","ng/dL","1.8-4.2","1","","",""
"461","BIOCHEMISTRY","THYROID PROFILE-II","Thyroxine - Free (FT4)","ng/dL","0.87-1.85","2","","",""
"462","BIOCHEMISTRY","THYROID STIMULATING HARMONE (TSH)","Thyroid Stimulating Harmone (TSH )","uIU/mL","0.3 ? 4.2 Pregnancy Reference Intervals 0.03-3.40 : First trimester 0.19-4.06 : Second trimester","1","","",""
"463","BIO CHEMISTRY","THYROID STIMULATING HARMONE (TSH)","Thyroid Stimulating Harmone (TSH )","uIU/mL","0.3-5.1uIU/mL Pregnancy gestation First Trimester 0.09-4.87 Second Trimester 0.47-4.79 ","116","","",""
"464","BIO CHEMISTRY","Tissue Transglutaminase Antibody - IgA","Tissue Transglutaminase Antibody - IgA","U/mL","< 20 : Negative > 20 : Positive","1","","",""
"465","BIO CHEMISTRY","Total Cholesterol","Total cholesterol","","","323","","",""
"466","BIO CHEMISTRY","Total Cholesterol","Total Cholestrol","mg/dl","Desirable Blood Cholesterol : <200 mg/dl Borderline High Blood Cholesterol: 200-239 mg/dl High Blood Cholesterol : >239 mg/dl","323","","",""
"467","BIO CHEMISTRY","TOTAL IGE","TOTAL IGE","IU/mL","","1","","",""
"468","BIO CHEMISTRY","Total Thyroxine [T4]","Total Thyroxine [T4]","ug/dl","6.3 - 21.5 :<1 Months 4.9-13.7 :1-11 Months 4.6-10.9 :> 18 Years Pregancy 4.6-10.9 : 1st Trimester 4.6-18.5 : 2nd_3rd Trimester","1","","",""
"469","BIO CHEMISTRY","Total Triiodo Thyronine [T3]","Total Triiodo Thyronine [T3]","ng/dl","","117","","",""
"470","BIO CHEMISTRY","Treponema Palladium Hemagglutination (TPHA)","Treponema Pallidum Hemagglutination (TPHA)","","Non - Reactive","1","","",""
"471","BIOCHEMISTRY","TRIGLYCERIDES","Triglycerides","mg/dl","Normal : <161 mg/dl High : 161-199 mg/dl Hyper Triglycerdemic : 200-499 mg/dl Very High : >499 mg/dl","1","","",""
"472","BIOCHEMISTRY","TROPONIN- I","Troponin-I","ng/ml","NEGATIVE","1","","",""
"473","BIOCHEMISTRY","TSH","THYROID STIMULATING HORMONE","","0.3-5.1uIU/mL Pregnancy gestation First Trimester 0.09-4.87 Second Trimester 0.47-4.79 ","1","","",""
"474","BIOCHEMISTRY","UPT (URINE PRAGNANCY TEST)","PREGANCY FOR URINE TEST","","","1","","",""
"475","BIO CHEMISTRY","UREA","Blood Urea","mg/dL","Males : <50 years 19-45 mg/dl >50 years 18-55 mg/dl Female : <50 years 13-40 mg/dl >50 years 21-43 mg/dl","1","","",""
"476","BIO CHEMISTRY","UREA","Creatinine","mg/dl","Male :0.7-1.3mg/dl Female :0.6-1.1mg/dl Child :0.3-0.7 mg/dl","2","","",""
"477","BIO CHEMISTRY","URINE ALBUMIN","URINE ALBUMIN","","","1","","",""
"478","BIOCHEMISTRY","URINE FOR CULTURE & SENSITIVITY","URINE FOR CULTURE AND SENSITIVITY","","","1","","",""
"479","BIOCHEMISTRY","URINE FOR CULTURE & SENSITIVITY","TEICOPLANIN","","","2","","",""
"480","BIOCHEMISTRY","URINE FOR CULTURE & SENSITIVITY","AZTREONAM","","","3","","",""
"481","BIOCHEMISTRY","URINE FOR CULTURE & SENSITIVITY","ERYTHROMYCIN","","","4","","",""
"482","BIOCHEMISTRY","URINE FOR CULTURE & SENSITIVITY","AZITHROMYCIN","","","5","","",""
"483","BIOCHEMISTRY","URINE FOR CULTURE & SENSITIVITY","NITROFURANTOIN","","","6","","",""
"484","BIOCHEMISTRY","URINE FOR CULTURE & SENSITIVITY","CO-TRIMOXAZOLE","","","7","","",""
"485","BIOCHEMISTRY","URINE FOR CULTURE & SENSITIVITY","PIPERACILLIN +??? TAZOBACTAM??","","","8","","",""
"486","BIOCHEMISTRY","URINE FOR CULTURE & SENSITIVITY","GENTAMYCIN?","","","11","","",""
"487","BIOCHEMISTRY","URINE FOR CULTURE & SENSITIVITY","NETILMICIN","","","12","","",""
"488","BIOCHEMISTRY","URINE FOR CULTURE & SENSITIVITY","OFLOXACIN","","","14","","",""
"489","BIOCHEMISTRY","URINE FOR CULTURE & SENSITIVITY","LEVOFLOXACIN","","","15","","",""
"490","BIOCHEMISTRY","URINE FOR CULTURE & SENSITIVITY","GATIFLOXACIN","","","17","","",""
"491","BIOCHEMISTRY","URINE FOR CULTURE & SENSITIVITY","NORFLOXACIN","","","18","","",""
"492","BIOCHEMISTRY","URINE FOR CULTURE & SENSITIVITY","NALIDIXIC ACID","","","19","","",""
"493","BIOCHEMISTRY","URINE FOR CULTURE & SENSITIVITY","CEFAACLOR","","","20","","",""
"494","BIOCHEMISTRY","URINE FOR CULTURE & SENSITIVITY","CEFOTAXIME","","","21","","",""
"495","BIOCHEMISTRY","URINE FOR CULTURE & SENSITIVITY","CEFAPERAZONE+?SULBACTAM","","","22","","",""
"496","BIOCHEMISTRY","URINE FOR CULTURE & SENSITIVITY","IMIPENEM","","","23","","",""
"497","BIOCHEMISTRY","URINE FOR CULTURE & SENSITIVITY","MEROPENEM","","","24","","",""
"498","BIOCHEMISTRY","URINE FOR CULTURE & SENSITIVITY","RESISTANT (R) SENSITIVITY (S) DRUG NOT USED (-)","","","25","","",""
"499","PATHOLOGY","URINE FOR KETONE BODIES","URINE KETONES","","","1","","",""
"500","BIOCHEMISTRY","URINE MICROALBUMiN","MICROALBUMIN","mg/L","< 30.0","1","","",""
"501","BIO CHEMISTRY","URINE PROTEIN/CREATININE RATIO","URINE PROTEIN & CREATININE RATIO","","","1","","",""
"502","BIO CHEMISTRY","URINE PROTEIN/CREATININE RATIO","URINE PROTEIN","mg/L","< 150","2","","",""
"503","BIO CHEMISTRY","URINE PROTEIN/CREATININE RATIO","URINE CREATININE","mg/dL","28 - 217","3","","",""
"504","BIO CHEMISTRY","URINE PROTEIN/CREATININE RATIO","URINE PROTEIN CREATININE RATIO","","<0.2 Normal 0.2-1.0 Low-Grade Proteinuria 1.0-5.0 Moderate Proteinuria >5.0 High-Grade Proteinuria","4","","",""
"505","BIOCHEMISTRY","Venereal Disease Research Laboratory(VDRL)","VDRL","","","1","","",""
"506","BIOCHEMISTRY","Venereal Disease Research Laboratory(VDRL)","Venereal Disease Research Laboratory","","","1","","",""
"507","BIO CHEMISTRY","VITAMIN - D","Vitamin-D","ng/ml","Deficiency : < 10.0 ng/ml???????????? Sufficiency :30- 100 ng/ml Insufficiency :10- 30 ng/ml Toxicity : > 100 ng/ml?","2","","",""
"508","BIO CHEMISTRY","VITAMIN B12","Vitamin B12","pg/mL","180-916","1","","",""
"509","BIO CHEMISTRY","VITAMIN B12","ENTERPRETATION","","","2","","",""
"510","BIOCHEMISTRY","VITAMIN PROFILE","25 HYDROXY VITAMIN D","","< 20 Deficient 20-30 Insufficient >30 Sufficient","1","","",""
"511","BIOCHEMISTRY","VITAMIN PROFILE","VITAMIN B12","","180-916","2","","",""
"512","MICROBIOLOGY","WIDAL","S.Typhi O","","<1:80","1","","",""
"513","MICROBIOLOGY","WIDAL","S.Typhi H","","<1:80","2","","",""
"514","MICROBIOLOGY","WIDAL","S.Paratyphi AH","","<1:80","3","","",""
"515","MICROBIOLOGY","WIDAL","S.Paratyphi BH","","<1:80","4","","",""
"516","MICROBIOLOGY","WIDAL","Note :","","","5","","",""
